date,value,source,notes
1997-12,1,fda_companion_diagnostics_list,INFORM HER-2/neu
1998-01,1,fda_companion_diagnostics_list,
1998-02,1,fda_companion_diagnostics_list,
1998-03,1,fda_companion_diagnostics_list,
1998-04,1,fda_companion_diagnostics_list,
1998-05,1,fda_companion_diagnostics_list,
1998-06,1,fda_companion_diagnostics_list,
1998-07,1,fda_companion_diagnostics_list,
1998-08,1,fda_companion_diagnostics_list,
1998-09,2,fda_companion_diagnostics_list,HercepTest
1998-10,2,fda_companion_diagnostics_list,
1998-11,2,fda_companion_diagnostics_list,
1998-12,3,fda_companion_diagnostics_list,PathVysion HER-2 DNA Probe Kit
1999-01,3,fda_companion_diagnostics_list,
1999-02,3,fda_companion_diagnostics_list,
1999-03,3,fda_companion_diagnostics_list,
1999-04,3,fda_companion_diagnostics_list,
1999-05,3,fda_companion_diagnostics_list,
1999-06,3,fda_companion_diagnostics_list,
1999-07,3,fda_companion_diagnostics_list,
1999-08,3,fda_companion_diagnostics_list,
1999-09,3,fda_companion_diagnostics_list,
1999-10,3,fda_companion_diagnostics_list,
1999-11,3,fda_companion_diagnostics_list,
1999-12,3,fda_companion_diagnostics_list,
2000-01,3,fda_companion_diagnostics_list,
2000-02,3,fda_companion_diagnostics_list,
2000-03,3,fda_companion_diagnostics_list,
2000-04,3,fda_companion_diagnostics_list,
2000-05,3,fda_companion_diagnostics_list,
2000-06,3,fda_companion_diagnostics_list,
2000-07,3,fda_companion_diagnostics_list,
2000-08,3,fda_companion_diagnostics_list,
2000-09,3,fda_companion_diagnostics_list,
2000-10,3,fda_companion_diagnostics_list,
2000-11,4,fda_companion_diagnostics_list,PATHWAY anti-Her2/neu
2000-12,4,fda_companion_diagnostics_list,
2001-01,4,fda_companion_diagnostics_list,
2001-02,4,fda_companion_diagnostics_list,
2001-03,4,fda_companion_diagnostics_list,
2001-04,4,fda_companion_diagnostics_list,
2001-05,4,fda_companion_diagnostics_list,
2001-06,4,fda_companion_diagnostics_list,
2001-07,4,fda_companion_diagnostics_list,
2001-08,4,fda_companion_diagnostics_list,
2001-09,4,fda_companion_diagnostics_list,
2001-10,4,fda_companion_diagnostics_list,
2001-11,4,fda_companion_diagnostics_list,
2001-12,4,fda_companion_diagnostics_list,
2002-01,4,fda_companion_diagnostics_list,
2002-02,4,fda_companion_diagnostics_list,
2002-03,4,fda_companion_diagnostics_list,
2002-04,4,fda_companion_diagnostics_list,
2002-05,4,fda_companion_diagnostics_list,
2002-06,4,fda_companion_diagnostics_list,
2002-07,4,fda_companion_diagnostics_list,
2002-08,4,fda_companion_diagnostics_list,
2002-09,4,fda_companion_diagnostics_list,
2002-10,4,fda_companion_diagnostics_list,
2002-11,4,fda_companion_diagnostics_list,
2002-12,4,fda_companion_diagnostics_list,
2003-01,4,fda_companion_diagnostics_list,
2003-02,4,fda_companion_diagnostics_list,
2003-03,4,fda_companion_diagnostics_list,
2003-04,4,fda_companion_diagnostics_list,
2003-05,4,fda_companion_diagnostics_list,
2003-06,4,fda_companion_diagnostics_list,
2003-07,4,fda_companion_diagnostics_list,
2003-08,4,fda_companion_diagnostics_list,
2003-09,4,fda_companion_diagnostics_list,
2003-10,4,fda_companion_diagnostics_list,
2003-11,4,fda_companion_diagnostics_list,
2003-12,4,fda_companion_diagnostics_list,
2004-01,4,fda_companion_diagnostics_list,
2004-02,5,fda_companion_diagnostics_list,Dako EGFR pharmDx Kit
2004-03,5,fda_companion_diagnostics_list,
2004-04,5,fda_companion_diagnostics_list,
2004-05,5,fda_companion_diagnostics_list,
2004-06,5,fda_companion_diagnostics_list,
2004-07,5,fda_companion_diagnostics_list,
2004-08,5,fda_companion_diagnostics_list,
2004-09,5,fda_companion_diagnostics_list,
2004-10,5,fda_companion_diagnostics_list,
2004-11,5,fda_companion_diagnostics_list,
2004-12,6,fda_companion_diagnostics_list,InSite Her-2/neu
2005-01,6,fda_companion_diagnostics_list,
2005-02,6,fda_companion_diagnostics_list,
2005-03,6,fda_companion_diagnostics_list,
2005-04,6,fda_companion_diagnostics_list,
2005-05,7,fda_companion_diagnostics_list,HER2 FISH pharmDx Kit
2005-06,7,fda_companion_diagnostics_list,
2005-07,7,fda_companion_diagnostics_list,
2005-08,7,fda_companion_diagnostics_list,
2005-09,7,fda_companion_diagnostics_list,
2005-10,7,fda_companion_diagnostics_list,
2005-11,7,fda_companion_diagnostics_list,
2005-12,7,fda_companion_diagnostics_list,
2006-01,7,fda_companion_diagnostics_list,
2006-02,7,fda_companion_diagnostics_list,
2006-03,7,fda_companion_diagnostics_list,
2006-04,7,fda_companion_diagnostics_list,
2006-05,7,fda_companion_diagnostics_list,
2006-06,7,fda_companion_diagnostics_list,
2006-07,7,fda_companion_diagnostics_list,
2006-08,7,fda_companion_diagnostics_list,
2006-09,8,fda_companion_diagnostics_list,Dako EGFR pharmDx Kit
2006-10,8,fda_companion_diagnostics_list,
2006-11,8,fda_companion_diagnostics_list,
2006-12,8,fda_companion_diagnostics_list,
2007-01,8,fda_companion_diagnostics_list,
2007-02,8,fda_companion_diagnostics_list,
2007-03,8,fda_companion_diagnostics_list,
2007-04,8,fda_companion_diagnostics_list,
2007-05,8,fda_companion_diagnostics_list,
2007-06,8,fda_companion_diagnostics_list,
2007-07,8,fda_companion_diagnostics_list,
2007-08,8,fda_companion_diagnostics_list,
2007-09,8,fda_companion_diagnostics_list,
2007-10,8,fda_companion_diagnostics_list,
2007-11,8,fda_companion_diagnostics_list,
2007-12,8,fda_companion_diagnostics_list,
2008-01,8,fda_companion_diagnostics_list,
2008-02,8,fda_companion_diagnostics_list,
2008-03,8,fda_companion_diagnostics_list,
2008-04,8,fda_companion_diagnostics_list,
2008-05,8,fda_companion_diagnostics_list,
2008-06,8,fda_companion_diagnostics_list,
2008-07,9,fda_companion_diagnostics_list,SPOT-LIGHT HER2 CISH Kit
2008-08,9,fda_companion_diagnostics_list,
2008-09,9,fda_companion_diagnostics_list,
2008-10,9,fda_companion_diagnostics_list,
2008-11,9,fda_companion_diagnostics_list,
2008-12,9,fda_companion_diagnostics_list,
2009-01,9,fda_companion_diagnostics_list,
2009-02,9,fda_companion_diagnostics_list,
2009-03,9,fda_companion_diagnostics_list,
2009-04,9,fda_companion_diagnostics_list,
2009-05,9,fda_companion_diagnostics_list,
2009-06,9,fda_companion_diagnostics_list,
2009-07,9,fda_companion_diagnostics_list,
2009-08,9,fda_companion_diagnostics_list,
2009-09,9,fda_companion_diagnostics_list,
2009-10,9,fda_companion_diagnostics_list,
2009-11,9,fda_companion_diagnostics_list,
2009-12,9,fda_companion_diagnostics_list,
2010-01,9,fda_companion_diagnostics_list,
2010-02,9,fda_companion_diagnostics_list,
2010-03,9,fda_companion_diagnostics_list,
2010-04,9,fda_companion_diagnostics_list,
2010-05,9,fda_companion_diagnostics_list,
2010-06,9,fda_companion_diagnostics_list,
2010-07,9,fda_companion_diagnostics_list,
2010-08,9,fda_companion_diagnostics_list,
2010-09,9,fda_companion_diagnostics_list,
2010-10,11,fda_companion_diagnostics_list,HER2 FISH pharmDx Kit; HercepTest
2010-11,11,fda_companion_diagnostics_list,
2010-12,11,fda_companion_diagnostics_list,
2011-01,11,fda_companion_diagnostics_list,
2011-02,11,fda_companion_diagnostics_list,
2011-03,11,fda_companion_diagnostics_list,
2011-04,11,fda_companion_diagnostics_list,
2011-05,11,fda_companion_diagnostics_list,
2011-06,11,fda_companion_diagnostics_list,
2011-07,11,fda_companion_diagnostics_list,
2011-08,13,fda_companion_diagnostics_list,cobas 4800 BRAF V600 Mutation Test; Vysis ALK Break Apart FISH Probe Kit
2011-09,13,fda_companion_diagnostics_list,
2011-10,13,fda_companion_diagnostics_list,
2011-11,14,fda_companion_diagnostics_list,HER2 CISH pharmDx Kit
2011-12,14,fda_companion_diagnostics_list,
2012-01,14,fda_companion_diagnostics_list,
2012-02,14,fda_companion_diagnostics_list,
2012-03,14,fda_companion_diagnostics_list,
2012-04,15,fda_companion_diagnostics_list,Bond Oracle HER2 IHC System
2012-05,15,fda_companion_diagnostics_list,
2012-06,17,fda_companion_diagnostics_list,HER2 FISH pharmDx Kit; HercepTest
2012-07,18,fda_companion_diagnostics_list,therascreen KRAS RGQ PCR Kit
2012-08,18,fda_companion_diagnostics_list,
2012-09,18,fda_companion_diagnostics_list,
2012-10,18,fda_companion_diagnostics_list,
2012-11,18,fda_companion_diagnostics_list,
2012-12,18,fda_companion_diagnostics_list,
2013-01,19,fda_companion_diagnostics_list,FerriScan
2013-02,21,fda_companion_diagnostics_list,HER2 FISH pharmDx Kit; HercepTest
2013-03,21,fda_companion_diagnostics_list,
2013-04,21,fda_companion_diagnostics_list,
2013-05,23,fda_companion_diagnostics_list,THXID BRAF Kit
2013-06,23,fda_companion_diagnostics_list,
2013-07,25,fda_companion_diagnostics_list,therascreen EGFR RGQ PCR Kit; cobas EGFR Mutation Test v1
2013-08,25,fda_companion_diagnostics_list,
2013-09,25,fda_companion_diagnostics_list,
2013-10,25,fda_companion_diagnostics_list,
2013-11,25,fda_companion_diagnostics_list,
2013-12,25,fda_companion_diagnostics_list,
2014-01,25,fda_companion_diagnostics_list,
2014-02,25,fda_companion_diagnostics_list,
2014-03,25,fda_companion_diagnostics_list,
2014-04,25,fda_companion_diagnostics_list,
2014-05,26,fda_companion_diagnostics_list,therascreen KRAS RGQ PCR Kit
2014-06,26,fda_companion_diagnostics_list,
2014-07,26,fda_companion_diagnostics_list,
2014-08,26,fda_companion_diagnostics_list,
2014-09,26,fda_companion_diagnostics_list,
2014-10,26,fda_companion_diagnostics_list,
2014-11,26,fda_companion_diagnostics_list,
2014-12,27,fda_companion_diagnostics_list,BRACAnalysis CDx
2015-01,27,fda_companion_diagnostics_list,
2015-02,27,fda_companion_diagnostics_list,
2015-03,27,fda_companion_diagnostics_list,
2015-04,27,fda_companion_diagnostics_list,
2015-05,29,fda_companion_diagnostics_list,cobas KRAS Mutation Test
2015-06,30,fda_companion_diagnostics_list,Ventana ALK
2015-07,31,fda_companion_diagnostics_list,therascreen EGFR RGQ PCR Kit
2015-08,31,fda_companion_diagnostics_list,
2015-09,31,fda_companion_diagnostics_list,
2015-10,32,fda_companion_diagnostics_list,PD-L1 IHC 22C3 pharmDx
2015-11,33,fda_companion_diagnostics_list,cobas EGFR Mutation Test v2
2015-12,35,fda_companion_diagnostics_list,KIT D816V Assay; PDGFRB FISH Assay
2016-01,35,fda_companion_diagnostics_list,
2016-02,35,fda_companion_diagnostics_list,
2016-03,35,fda_companion_diagnostics_list,
2016-04,36,fda_companion_diagnostics_list,Vysis CLL FISH Probe Kit
2016-05,37,fda_companion_diagnostics_list,Ventana PD-L1
2016-06,38,fda_companion_diagnostics_list,cobas EGFR Mutation Test v2
2016-07,38,fda_companion_diagnostics_list,
2016-08,38,fda_companion_diagnostics_list,
2016-09,38,fda_companion_diagnostics_list,
2016-10,38,fda_companion_diagnostics_list,
2016-11,39,fda_companion_diagnostics_list,cobas 4800 BRAF V600 Mutation Test
2016-12,40,fda_companion_diagnostics_list,FoundationFocus CDxBRCA Assay
2017-01,40,fda_companion_diagnostics_list,
2017-02,40,fda_companion_diagnostics_list,
2017-03,40,fda_companion_diagnostics_list,
2017-04,41,fda_companion_diagnostics_list,LeukoStrat CDx FLT3 Mutation Assay
2017-05,42,fda_companion_diagnostics_list,Ventana ALK
2017-06,45,fda_companion_diagnostics_list,Oncomine Dx Target Test
2017-07,45,fda_companion_diagnostics_list,
2017-08,46,fda_companion_diagnostics_list,Abbott RealTime IDH2
2017-09,46,fda_companion_diagnostics_list,
2017-10,46,fda_companion_diagnostics_list,
2017-11,61,fda_companion_diagnostics_list,Ventana ALK; FoundationOne CDx
2017-12,62,fda_companion_diagnostics_list,MRDx BCR-ABL Test
2018-01,63,fda_companion_diagnostics_list,BRACAnalysis CDx
2018-02,63,fda_companion_diagnostics_list,
2018-03,63,fda_companion_diagnostics_list,
2018-04,64,fda_companion_diagnostics_list,cobas EGFR Mutation Test v2
2018-05,64,fda_companion_diagnostics_list,
2018-06,66,fda_companion_diagnostics_list,PD-L1 IHC 22C3 pharmDx; THXID BRAF Kit
2018-07,68,fda_companion_diagnostics_list,Ventana PD-L1; Abbott RealTime IDH1
2018-08,69,fda_companion_diagnostics_list,cobas EGFR Mutation Test v2
2018-09,70,fda_companion_diagnostics_list,therascreen EGFR RGQ PCR Kit
2018-10,72,fda_companion_diagnostics_list,BRACAnalysis CDx
2018-11,73,fda_companion_diagnostics_list,LeukoStrat CDx FLT3 Mutation Assay
2018-12,73,fda_companion_diagnostics_list,
2019-01,73,fda_companion_diagnostics_list,
2019-02,73,fda_companion_diagnostics_list,
2019-03,73,fda_companion_diagnostics_list,
2019-04,74,fda_companion_diagnostics_list,therascreen FGFR RGQ RT-PCR Kit
2019-05,76,fda_companion_diagnostics_list,PATHWAY anti-Her2/neu; therascreen PIK3CA RGQ PCR Kit
2019-06,77,fda_companion_diagnostics_list,PD-L1 IHC 22C3 pharmDx
2019-07,79,fda_companion_diagnostics_list,FoundationOne CDx; PD-L1 IHC 22C3 pharmDx
2019-08,79,fda_companion_diagnostics_list,
2019-09,79,fda_companion_diagnostics_list,
2019-10,79,fda_companion_diagnostics_list,
2019-11,79,fda_companion_diagnostics_list,
2019-12,81,fda_companion_diagnostics_list,FoundationOne CDx; BRACAnalysis CDx
2020-01,81,fda_companion_diagnostics_list,
2020-02,81,fda_companion_diagnostics_list,
2020-03,81,fda_companion_diagnostics_list,
2020-04,83,fda_companion_diagnostics_list,therascreen BRAF V600E RGQ PCR Kit; FoundationOne CDx
2020-05,89,fda_companion_diagnostics_list,FoundationOne CDx; Myriad myChoice CDx; PD-L1 IHC 28-8 pharmDx; BRACAnalysis CDx; Vysis ALK Break Apart FISH Probe Kit
2020-06,91,fda_companion_diagnostics_list,FoundationOne CDx; cobas EZH2 Mutation Test
2020-07,92,fda_companion_diagnostics_list,Ventana HER2 Dual ISH DNA Probe Cocktail
2020-08,97,fda_companion_diagnostics_list,Guardant360 CDx; FoundationOne Liquid CDx
2020-09,98,fda_companion_diagnostics_list,Oncomine Dx Target Test
2020-10,105,fda_companion_diagnostics_list,FoundationOne CDx; FoundationOne Liquid CDx; cobas EGFR Mutation Test v2
2020-11,107,fda_companion_diagnostics_list,FoundationOne Liquid CDx; PD-L1 IHC 22C3 pharmDx
2020-12,107,fda_companion_diagnostics_list,
2021-01,107,fda_companion_diagnostics_list,
2021-02,108,fda_companion_diagnostics_list,PD-L1 IHC 22C3 pharmDx
2021-03,109,fda_companion_diagnostics_list,Ventana ALK
2021-04,110,fda_companion_diagnostics_list,Ventana MMR RxDx Panel
2021-05,113,fda_companion_diagnostics_list,Guardant360 CDx; therascreen KRAS RGQ PCR Kit
2021-06,114,fda_companion_diagnostics_list,FoundationOne CDx
2021-07,119,fda_companion_diagnostics_list,FoundationOne Liquid CDx; ONCO/Reveal Dx Lung & Colon Cancer Assay
2021-08,121,fda_companion_diagnostics_list,Ventana MMR RxDx Panel; Oncomine Dx Target Test
2021-09,121,fda_companion_diagnostics_list,
2021-10,122,fda_companion_diagnostics_list,Ventana PD-LI
2021-11,123,fda_companion_diagnostics_list,FoundationOne CDx
2021-12,124,fda_companion_diagnostics_list,Oncomine Dx Target Test
2022-01,126,fda_companion_diagnostics_list,FoundationOne CDx; POMC/PCSK1/LEPR CDx Panel
2022-02,126,fda_companion_diagnostics_list,
2022-03,128,fda_companion_diagnostics_list,FoundationOne CDx; Ventana MMR RxDx Panel
2022-04,128,fda_companion_diagnostics_list,
2022-05,128,fda_companion_diagnostics_list,
2022-06,131,fda_companion_diagnostics_list,FoundationOne CDx; Ventana MMR RxDx Panel
2022-07,131,fda_companion_diagnostics_list,
2022-08,133,fda_companion_diagnostics_list,Guardant360 CDx; Oncomine Dx Target Test
2022-09,137,fda_companion_diagnostics_list,Oncomine Dx Target Test; PATHWAY anti-Her2/neu
2022-10,137,fda_companion_diagnostics_list,
2022-11,139,fda_companion_diagnostics_list,Ventana FOLR1; SeCore CDx HLA Sequencing System
2022-12,145,fda_companion_diagnostics_list,Abbott RealTime IDH1; therascreen KRAS RGQ PCR Kit; Agilent Resolution ctDx FIRST assay; FoundationOne Liquid CDx
2023-01,146,fda_companion_diagnostics_list,Guardant360 CDx
2023-02,146,fda_companion_diagnostics_list,
2023-03,147,fda_companion_diagnostics_list,Ventana PD-L1
2023-04,149,fda_companion_diagnostics_list,xT CDx
2023-05,149,fda_companion_diagnostics_list,
2023-06,152,fda_companion_diagnostics_list,FoundationOne Liquid CDx; therascreen PDGFRA RGQ PCR Kit; AAV5 DetectCDx
2023-07,153,fda_companion_diagnostics_list,LeukoStrat CDx FLT3 Mutation Assay
2023-08,154,fda_companion_diagnostics_list,FoundationOne CDx
2023-09,156,fda_companion_diagnostics_list,CRCDx RAS Mutation Detection Assay Kit; Oncomine Dx Target Test
2023-10,160,fda_companion_diagnostics_list,FoundationOne CDx; FoundationOne Liquid CDx; Abbott RealTime IDH1
2023-11,162,fda_companion_diagnostics_list,PD-L1 IHC 22C3 pharmDx; FoundationOne CDx
2023-12,162,fda_companion_diagnostics_list,
2024-01,162,fda_companion_diagnostics_list,
2024-02,162,fda_companion_diagnostics_list,
2024-03,162,fda_companion_diagnostics_list,
2024-04,163,fda_companion_diagnostics_list,nAbCyte Anti-AAVRh74var HB-FE Assay
2024-05,163,fda_companion_diagnostics_list,
2024-06,165,fda_companion_diagnostics_list,therascreen KRAS RGQ PCR Kit; FoundationOne Liquid CDx
2024-07,165,fda_companion_diagnostics_list,
2024-08,171,fda_companion_diagnostics_list,SeCore CDx HLA Sequencing System; MAGE-A4 IHC 1F9 pharmDx; TruSight Oncology Comprehensive; FoundationOne CDx; FoundationOne Liquid CDx
2024-09,172,fda_companion_diagnostics_list,Oncomine Dx Target Test
2024-10,174,fda_companion_diagnostics_list,FoundationOne Liquid CDx; VENTANA CLDN18
2024-11,185,fda_companion_diagnostics_list,MI Cancer Seek; FoundationOne Liquid CDx; PATHWAY anti-Her2/neu
2024-12,186,fda_companion_diagnostics_list,Ventana MMR RxDx Panel
2025-01,189,fda_companion_diagnostics_list,therascreen KRAS RGQ PCR Kit; FoundationOne CDx; PATHWAY anti-Her2/neu
2025-02,189,fda_companion_diagnostics_list,
2025-03,190,fda_companion_diagnostics_list,INNOVANCE Antithrombin
2025-04,190,fda_companion_diagnostics_list,
2025-05,192,fda_companion_diagnostics_list,VENTANA MET; ConcizuTrace ELISA
2025-06,192,fda_companion_diagnostics_list,
2025-07,194,fda_companion_diagnostics_list,Oncomine Dx Express Test; Quest Diagnostics AAVrh74 Antibody ELISA CDx
2025-08,198,fda_companion_diagnostics_list,Vysis ALK Break Apart FISH Probe Kit; Oncomine Dx Target Test; MMR IHC Panel pharmDx; Idylla CDx MSI Test
2025-09,200,fda_companion_diagnostics_list,KMT2A Breakapart FISH Probe Kit PDx; Guardant360 CDx
2025-10,200,fda_companion_diagnostics_list,
2025-11,202,fda_companion_diagnostics_list,OncoMate MSI Dx Analysis System; Oncomine Dx Target Test
2025-12,204,fda_companion_diagnostics_list,PATHWAY anti-Her2/neu; Ventana HER2 Dual ISH DNA Probe Cocktail
2026-01,205,fda_companion_diagnostics_list,Guardant360 CDx
2026-02,207,fda_companion_diagnostics_list,PD-L1 IHC 22C3 pharmDx
2026-03,208,fda_companion_diagnostics_list,Myriad myChoice CDx
2026-04,208,fda_companion_diagnostics_list,
2026-05,223,fda_companion_diagnostics_list,Guardant360 CDx; FoundationOne CDx; PATHWAY anti-HER-2/neu; VENTANA HER2 Dual ISH DNA Probe Cocktail; Signatera CDx; Guardant360® Liquid CDx; FoundationOne Liquid CDx
2026-06,225,fda_companion_diagnostics_list,Guardant360 CDx; VENTANA PTEN
2026-07,226,fda_companion_diagnostics_list,PD-L1 IHC 28-8 pharmDx
2026-08,226,fda_companion_diagnostics_list,
